<?xml version="1.0" encoding="UTF-8"?>
<!DOCTYPE suite SYSTEM "http://testng.org/testng-1.0.dtd">
<suite name="Regression_Suite">
  <test thread-count="5" name="TestOne" parallel="tests" >
    <classes>
      <class name="com.easemytrip.scripts.RunScript"/>
      
    </classes>
   
  
   
  </test> <!-- Test -->
 <test thread-count="5" name="TestTwo" parallel="tests" >
    <classes>
      <class name="com.easemytrip.scripts.RunScript"/>
      
    </classes>
   
  
   
  </test> <!-- Test -->
 <test thread-count="5" name="TestThree" parallel="tests" >
    <classes>
      <class name="com.easemytrip.scripts.RunScript"/>
      
    </classes>
   
  
   
  </test> <!-- Test -->
  <test thread-count="5" name="TestFour" parallel="tests" >
    <classes>
      <class name="com.easemytrip.scripts.RunScript"/>
      
    </classes>
   
  
   
  </test> <!-- Test -->
  <test thread-count="5" name="TestFive" parallel="tests" >
    <classes>
      <class name="com.easemytrip.scripts.RunScript"/>
      
    </classes>
   
  
   
  </test> <!-- Test -->
 
  <test thread-count="5" name="TestSix" parallel="tests" >
    <classes>
      <class name="com.easemytrip.scripts.RunScript"/>
      
    </classes>
   
  
   
  </test> <!-- Test -->

  <test thread-count="5" name="TestSeven" parallel="tests" >
    <classes>
      <class name="com.easemytrip.scripts.RunScript"/>
      
    </classes>
   
  
   
  </test> <!-- Test -->

  <test thread-count="5" name="TestEight" parallel="tests" >
    <classes>
      <class name="com.easemytrip.scripts.RunScript"/>
      
    </classes>
   
  
   
  </test> <!-- Test -->
   <test thread-count="5" name="TestNine" parallel="tests" >
    <classes>
      <class name="com.easemytrip.scripts.RunScript"/>
      
    </classes>
   
  
   
  </test> <!-- Test -->
   <test thread-count="5" name="TestTen" parallel="tests" >
    <classes>
      <class name="com.easemytrip.scripts.RunScript"/>
      
    </classes>
   
  
   
  </test> <!-- Test -->

</suite> <!-- Suite -->
