<?xml version="1.0" encoding="UTF-8"?>
<!DOCTYPE suite SYSTEM "http://testng.org/testng-1.0.dtd">
<suite name="Regression_Suite">
  <test thread-count="5" name="RegressionOne" parallel="tests" >
   <parameter name="browser" value="chrome" />
    <classes>
      <class name="com.easemytrip.scripts.RunScript"/>
      
    </classes>
   
  
   
  </test> <!-- Test -->
 <test thread-count="5" name="RegressionTwo" parallel="tests" >
 <parameter name="browser" value="firefox" />
    <classes>
      <class name="com.easemytrip.scripts.RunScript"/>
      
    </classes>
   
  
   
  </test> <!-- Test -->
 <test thread-count="5" name="RegressionThree" parallel="tests" >
  <parameter name="browser" value="chrome" />
    <classes>
      <class name="com.easemytrip.scripts.RunScript"/>
      
    </classes>
   
  
   
  </test> <!-- Test -->
  <test thread-count="5" name="RegressionFour" parallel="tests" >
  <parameter name="browser" value="firefox" />
    <classes>
      <class name="com.easemytrip.scripts.RunScript"/>
      
    </classes>
   
  
   
  </test> <!-- Test -->
  <test thread-count="5" name="RegressionFive" parallel="tests" >
  <parameter name="browser" value="chrome" />
    <classes>
      <class name="com.easemytrip.scripts.RunScript"/>
      
    </classes>
   
  
   
  </test> <!-- Test -->
 
  <test thread-count="5" name="RegressionSix" parallel="tests" >
  <parameter name="browser" value="firefox" />
    <classes>
      <class name="com.easemytrip.scripts.RunScript"/>
      
    </classes>
   
  
   
  </test> <!-- Test -->

  <test thread-count="5" name="RegressionSeven" parallel="tests" >
   <parameter name="browser" value="chrome" />
    <classes>
      <class name="com.easemytrip.scripts.RunScript"/>
      
    </classes>
   
  
   
  </test> <!-- Test -->

  <test thread-count="5" name="RegressionEight" parallel="tests" >
   <parameter name="browser" value="firefox" />
    <classes>
      <class name="com.easemytrip.scripts.RunScript"/>
      
    </classes>
   
  
   
  </test> <!-- Test -->
   <test thread-count="5" name="RegressionNine" parallel="tests" >
   <parameter name="browser" value="chrome" />
    <classes>
      <class name="com.easemytrip.scripts.RunScript"/>
      
    </classes>
   
  
   
  </test> <!-- Test -->
   <test thread-count="5" name="RegressionTen" parallel="tests" >
   <parameter name="browser" value="firefox" />
    <classes>
      <class name="com.easemytrip.scripts.RunScript"/>
      
    </classes>
   
  
   
  </test> <!-- Test -->

</suite> <!-- Suite -->
